{"cameraMode":{"drawMode":0,"name":"Shaded","section":"Shading Mode"},"sceneLighting":false,"audioPlay":false,"sceneViewState":{"showFog":false,"showMaterialUpdate":false,"showSkybox":false,"showFlares":false,"showImageEffects":false,"showParticleSystems":false},"in2DMode":false,"pivot":{"x":15.635488510131836,"y":1.2568676471710206,"z":10.524523735046387},"rotation":{"x":0.12870542705059052,"y":0.023484015837311746,"z":-0.003055162727832794,"w":0.9914076924324036},"size":3.0486457347869875,"orthographic":false}