{"cameraMode":{"drawMode":0,"name":"Shaded","section":"Shading Mode"},"sceneLighting":false,"audioPlay":false,"sceneViewState":{"showFog":false,"showMaterialUpdate":false,"showSkybox":false,"showFlares":false,"showImageEffects":false,"showParticleSystems":false},"in2DMode":false,"pivot":{"x":-7.4460296630859379,"y":-1.5605535507202149,"z":11.84600830078125},"rotation":{"x":-0.12618181109428407,"y":0.37086576223373415,"z":-0.050941918045282367,"w":-0.9186633229255676},"size":17.6937313079834,"orthographic":false}