{"cameraMode":{"drawMode":0,"name":"Shaded","section":"Shading Mode"},"sceneLighting":true,"audioPlay":false,"sceneViewState":{"showFog":false,"showMaterialUpdate":false,"showSkybox":true,"showFlares":false,"showImageEffects":false,"showParticleSystems":false},"in2DMode":false,"pivot":{"x":-44.27918243408203,"y":-14.446975708007813,"z":58.64805221557617},"rotation":{"x":0.3167608976364136,"y":0.608191728591919,"z":-0.2882637679576874,"w":0.668342649936676},"size":29.0967960357666,"orthographic":false}